CODIGO_EVENTO;DESCRITOR_EVENTO
10106090;JUNTA MEDICA PGTO HM REF 3A OPINIAO CONF RESOL CON
66000017;CONSULTA MEDICA COM REUMATOLOGISTA EM CONSULTORIO
10014942;CONSULTA ELETIVA EM BUCOMAXILO
64618048;CONSULTA GLOBAL OTORRINO 3 PCTE COM HM
66000645;ATENDIMENTO PEDIATRICO EM PS DO INSTITUTO BRASILE
61800201;TAXA DE CONTRASTE HIAE
61980501;FILMES HIAE
64611400;PACOTE ASSISTENCIA PACIENTE CRONICO INTERVENCAO
64613569;PROGRAMA DE PREVENCAO E APOIO EM ONCOLOGIA
80053416;TAXA DE MICROSCOPIO OFTALMOLOGICO(P/USO)
65621905;MONITORAMENTO PROJETO IDOSO BEM CUIDADO
64619834;COLUNA ATIVA TELE MONITORAMENTO
65621697;PROGRAMA DE HEALTH COACHING
65621492;PCTE TX COMPACTAS SL QUIMIOT PCTE SEM HM
64613666;PROGRAMA DE INTERVENCAO BREVE
80061761;GESTAO DOMICILIAR DE PACIENTE COM ILEOSTOMIA OU CO
64000397;ESCLEROTERAPIA DE VEIAS P/ SESSAO - PCTE C/HM INCL
64619710;TTO FISIOTERAPICO ORTOPEDICA PCTE C HM
64150020;HEMODIALISE CRONICA C/HM
64621324;TRATAMENTO INTEGRAL SEMANAL DO TRANSTORNO DO ESPEC
10014659;ADICIONAL DE CONSULTA EM PSIQUIATRIA
10014039;TELEORIENTACAO MEDICA
64602044;VULVOSCOPIA - PCTE COM HM
33900361;ULTRASSOM PESCOCO COM DOPPLER COLORIDO
64611353;REMOCAO EM AMBULANCIA COMUM PCTE COM HM
64612430;PROGRAMA FUTURA MAMAE ALTO RISCO PCTE COM HM
66000203;CONSULTA MEDICA COM PSIQUIATRIA INFANTIL CONSUL
64617688;PCTE CONSULTA GLOBAL OTORRINO SEM VIDEO NIVEL I
66000300;CONSULTA MEDICA COM BUCO CRANIO MAXILO HM
64601390;RESSONANCIA MAGNETICA - QUALQUER AREA CORPOREA COM
64320073;ENDOSCOPIA COM BIOPSIA (PCTE COM HM + DESP HOSP)
64602915;HISTEROSCOPIA DIAGNOSTICA(PCT C/HM)
65620631;RETIRADA ENDOSCOPICA DE DUPLO J - PCTE SEM HM
64600645;RETINOGRAFIA SIMPLES - PCTE COM HM
66000327;CONSULTA MEDICA COM ONCOLOGISTA
66490472;CONSULTA PROJETO DE RELACIONAMENTO PCTE DE HM
64601420;COLPOSCOPIA POR VIDEO - PCTE COM HM
33900442;ULTRASSOM ENDOVAGINAL COM DOPPLER COLORIDO
64230015;COLONOSCOPIA C/HM DIAGNOSTICO
61211001;PAGAMENTO DE NIP SEM COBERTURA
31101100;ESTENOSE DE JUNCAO PIELOURETERAL - TRAT CIRURGICO
31102182;REIMPL URETERAL P/ VIA EXTRA OU INTRAVESICA - UNIL
64619664;TTO FISIOT AMB DOENCAS DEGENERATIVAS C HM
64617670;PCTE ATENDIMENTO GINECO E OBSTETR EM PS PCTE HM
64602486;COLONOSCOPIA COM ENDOSCOPIA DIGESTIVA ALTA COM OU
64230023;ENDOSCOPIA DIGESTIVA C/HM
64611361;REMOCAO EM AMBULANCIA UTI PCTE COM HM
64617742;PROGRAMA ATENCAO NO ALTO RISCO INTERVENCAO PCTE
59060069;NO SHOW BENEFICIARIO TELEORIENTACAO MEDICA
66000904;TELECONSULTA PSICOLOGIA
64602001;VASECTOMIA BILATERAL - PCTE COM HM
65300068;HISTEROSCOPIA CIRURGICA COM RESSECTOSCOPIA - (PCTE
64000966;CONCENTRADO DE HEMACIAS DELEUCOCITADOS (FILTRACAO)
66490502;CONSULTA ORTOPEDICA JOELHO PROJ RELACIONAMENTO
100102;ATENDIMENTO/CONSULTA DE EMERGENCIA PEDIATRICO
40307514;MCA (ANTIGENO CARCINO-MAMARIO)
66000947;TELECONSULTA NUTRICIONISTA
64612457;PROGRAMA FUTURA MAMAE BABY CARE PCTE COM HM
64619702;TTO FISIOTERAPICO AMB TRAUMATOLOGIA PCTE COM HM
10014748;INTERCONSULTA EM P S ENTRE ESPECIALIDADES
65420438;CATETERISMO CARDIACO - PCTE SEM HM
33900493;ULTRASSOM PESCOCO
45080380;ASSISTENCIA AO TRABALHO DE PARTO POR HORA ATE O
64619001;COLUNA ATIVA ALTA COMPLEXIDADE FASE I
64608786;TRATAMENTO OCULAR QUIMIOTERAPICO COM ANTIANGIOGENI
66000963;TELECONSULTA SESSAO FONOAUDIOLOGIA
64320502;MAMOTOMIA ORIENTADA P/US,MAMOGR/RM/TOMO/RX(PCTE C/
64602982;IMPLANTE DE DISPOSITIVO INTRA UTERINO (DIU) HORMON
66000653;CONSULTA ESPECIALIZADA DE EMERGENCIA EM PRONTO SOC
32950055;RX TORAX P A LAT
64801748;US OBST MORFOL C DOPPLER PCTE COM HM GR STA JOANA
16019113;CONVENCIONAL - APARTAMENTO / DAY(PORTE ANESTES.02)
16019130;CONVENCIONAL - APARTAMENTO / DAY(PORTE ANESTES.03)
16019148;CONVENCIONAL - APARTAMENTO / DAY(PORTE ANESTES.04)
65601505;VASECTOMIA BILATERAL (PCT SEM HM)
25525336;TERAPIA PSICOTERAPICA METODO ABA PADS SESSAO
66000858;ATENDIMENTO ATENCAO PRIMARIA A SAUDE DAVITA
64602532;COLONOSCOPIA COM OU SEM BIOPSIA(PCTE COM HM)
64607690;ECOENDOSCOPIA VIA ALTA E BAIXA DIAGNOSTICA PCT
10014179;TELEMEDICINA 5
25525115;PSICOT TERAPIA OCUPACIONAL METODO ABA PADS SESSAO
41501217;INJEGCO INTRACAVERNOSA
64619079;COLUNA ATIVA ALTA COMPLEXIDADE FASE II DE 21%
64619052;COLUNA ATIVA ALTA COMPLEXIDADE FASE II
64619109;COLUNA ATIVA ALTA COMPLEXIDADE FASE III
65500032;FACECTOMIA COM IMPLANTE DE LIO - PCTE SEM HM
28960378;CITOMEGALOVIRUS RFC OU IFI PARA
33900132;ULTRASSOM CAROTIDAS COM DOPPLER COLORIDO
64800059;US PUNCAO BIOPSIA LINFONODOS TIREOIDE OU MAMA
80053033;TAXA DE VIDEO(P/SESSAO)
61800244;TAXA DE KITS HIAE
61602183;TAXA AGRAVO RESTRITO A ANS
96017660;SIH SUS 413010040 CURATIVO EM MEDIO QUEIMADO
64100154;CURATIVO ALTA COMPLEXIDADE- CASE
61490113;FISIOTERAPIA - CASE
96016914;SIH SUS 301110018 ACOMP PACI MEDIO GRANDE QUEIMADO
96001534;SIH SUS 0802010024 DIARIA DE ACOMPANHANTE CRIA
96008369;SIH 303140070 TRAT DOENCA DO OUVIDO EXT MED MASTOI
96015012;SIH SUS 303170140 TTO CL CONT COMP DES E OU DISRUP
65300092;LAPAROSCOPIA COM MIOMECTOMIA
64601188;CORE BIOPSY - PCTE COM HM
66000890;TELECONSULTA PSIQUIATRIA INFANTIL CUIDADO COORD
10014896;CONSULTA MEDICA EM GINECOLOGIA
64612333;ULTRASSOM PARA DIAGNOSTICO DE ENDOMETRIOSE PCTE
16019105;VIDEO-APARTAMENTO/ENFERMARIA/DAY(PORTE ANESTES 01)
64616738;PROGRAMA DE PREVENCAO E APOIO EM ONCOLOGIA
64617033;ATEND DOMIC EMERG C OU S REMOCAO SAUDE ATIVA
96002247;SIH SUS 0404010016 ADENOIDECTOMIA
64100162;CURATIVO MEDIA COMPLEXIDADE- CASE
